id;nome_fornitore;indirizzo;tipo
1;connecting Rubber Account;Shirt;rich Rubber
2;Reactive Massachusetts;systems;HDD Facilitator
3;Movies Plastic;Organized Auto 24/7;global Kuwaiti Union
4;International migration Electronics;structure;services auxiliary
5;digital;deposit bypass Fantastic;grey 24/7
6;Implemented deposit;Account;Handmade
7;revolutionary niches;generate Berkshire;West
8;radical SSL PCI;throughput Direct;Mountain copy withdrawal
9;deposit pixel bandwidth;Tactics;up supply-chains Bedfordshire
10;Plastic deposit Sweden;Pizza projection;Monitored
